{
  "eval": {
    "mse": {
      "mean": 674.848591875856,
      "std": 919.3273828132775,
      "w10_user_mean": 2538.515233721052
    },
    "mae": {
      "mean": 11.3374058867458,
      "std": 6.023349288365463,
      "w10_user_mean": 23.795619079044886
    },
    "nmse": {
      "mean": 0.24216670419232253,
      "std": 0.137276019368348,
      "w10_user_mean": 0.29992774461529087
    }
  }
}