{
  "eval": {
    "mse": {
      "mean": 17.93795764199407,
      "std": 33.91306274155817,
      "w10_user_mean": 67.38596075008574
    },
    "mae": {
      "mean": 1.729160001476396,
      "std": 1.4343642533706975,
      "w10_user_mean": 3.602750012497032
    },
    "nmse": {
      "mean": 0.26175308827986976,
      "std": 0.3109885995269195,
      "w10_user_mean": 0.3219559289235688
    }
  }
}