split,baseline,mse,mae,nmse,relative_nmse_improvement_pct
eval,gated_context_classifier_scalar,5439557.0,220.2356414794922,0.23868918418884277,-3.9251835346221924
eval,gated_context_classifier_horizon,5214536.5,213.97576904296875,0.23582009971141815,-2.675985097885132
eval,gated_context_regressor_scalar,4926669.0,215.6522216796875,0.24327725172042847,-5.922826766967773
eval,gated_context_regressor_horizon,5540213.5,219.05508422851562,0.23797130584716797,-3.612619400024414
eval,oracle_context_scalar,4250578.5,197.9110107421875,0.21101203560829163,8.125436782836914
eval,oracle_context_horizon,3882470.0,176.79258728027344,0.19065427780151367,16.98919677734375
