split,baseline,mse,mae,nmse,relative_nmse_improvement_pct
eval,bayes_context_scalar,4873449.0,207.18211364746094,0.2296740561723709,0.0
eval,bayes_context_horizon,4878346.0,207.50558471679688,0.2300809919834137,-0.1771797090768814
eval,catboost_context_classifier_scalar,5512781.5,220.53326416015625,0.23423995077610016,-1.987988829612732
eval,catboost_context_classifier_horizon,5449660.0,217.53872680664062,0.23560667037963867,-2.5830581188201904
eval,catboost_context_regressor_scalar,5385368.5,218.25103759765625,0.2399532049894333,-4.4755377769470215
eval,catboost_context_regressor_horizon,5349834.5,216.4982452392578,0.2361302524805069,-2.811025619506836
eval,oracle_context_scalar,4250578.5,197.9110107421875,0.21101203560829163,8.125436782836914
eval,oracle_context_horizon,3882470.0,176.79258728027344,0.19065427780151367,16.98919677734375
