split,baseline,mse,mae,nmse,relative_nmse_improvement_pct
eval,gated_context_classifier_scalar,5512781.5,220.53326416015625,0.23423995077610016,-1.987988829612732
eval,gated_context_classifier_horizon,5449660.0,217.53872680664062,0.23560667037963867,-2.5830581188201904
eval,gated_context_regressor_scalar,5385368.5,218.25103759765625,0.2399532049894333,-4.4755377769470215
eval,gated_context_regressor_horizon,5349834.5,216.4982452392578,0.2361302524805069,-2.811025619506836
eval,oracle_context_scalar,4250578.5,197.9110107421875,0.21101203560829163,8.125436782836914
eval,oracle_context_horizon,3882470.0,176.79258728027344,0.19065427780151367,16.98919677734375
