{
  "eval": {
    "mse": {
      "mean": 815.656267719748,
      "std": 1536.5809534216517,
      "w10_user_mean": 2784.1268806640915
    },
    "mae": {
      "mean": 12.195671418755996,
      "std": 10.664140468279044,
      "w10_user_mean": 23.866789924574423
    },
    "nmse": {
      "mean": 0.32129438913364283,
      "std": 0.344025163357508,
      "w10_user_mean": 0.4224756103332646
    }
  }
}