{
  "eval": {
    "mse": {
      "mean": 10.999703329200896,
      "std": 42.872708567376286,
      "w10_user_mean": 40.64246203406575
    },
    "mae": {
      "mean": 1.2937020781124227,
      "std": 2.4359030291460892,
      "w10_user_mean": 2.7370897599407042
    },
    "nmse": {
      "mean": 1.6737022785259352,
      "std": 12.807743961644983,
      "w10_user_mean": 4.124563676983347
    }
  }
}