split,baseline,mse,mae,nmse,relative_nmse_improvement_pct
eval,gated_context_classifier_scalar,10.999271392822266,1.2881075143814087,1.6737078428268433,-0.0003347570600453764
eval,gated_context_classifier_horizon,10.912726402282715,1.2825435400009155,1.6404978036880493,1.983891487121582
eval,gated_context_regressor_scalar,11.098684310913086,1.3097310066223145,1.4853861331939697,11.251470565795898
eval,gated_context_regressor_horizon,11.054221153259277,1.3066049814224243,1.532681941986084,8.425650596618652
eval,oracle_context_scalar,8.941425323486328,1.1598260402679443,1.2705378532409668,24.088176727294922
eval,oracle_context_horizon,8.61043930053711,1.1076011657714844,1.2388322353363037,25.982519149780273
