split,baseline,mse,mae,nmse,relative_nmse_improvement_pct
eval,gated_context_classifier_scalar,851.2606201171875,12.376968383789062,0.3313960134983063,-3.1440374851226807
eval,gated_context_classifier_horizon,810.7948608398438,12.154048919677734,0.3186086416244507,0.8359172940254211
eval,gated_context_regressor_scalar,821.568115234375,12.259278297424316,0.3203745186328888,0.28630393743515015
eval,gated_context_regressor_horizon,810.8102416992188,12.177701950073242,0.3180115520954132,1.0217560529708862
eval,oracle_context_scalar,756.590576171875,11.626646041870117,0.29459357261657715,8.310392379760742
eval,oracle_context_horizon,748.961181640625,11.331526756286621,0.2912819981575012,9.341089248657227
