split,baseline,mse,mae,nmse,relative_nmse_improvement_pct
eval,gated_context_classifier_scalar,844.4284057617188,12.441519737243652,0.3347400426864624,-4.184836387634277
eval,gated_context_classifier_horizon,817.666748046875,12.196659088134766,0.3220009207725525,-0.21989914774894714
eval,gated_context_regressor_scalar,804.9906616210938,12.193598747253418,0.3169177770614624,1.362183690071106
eval,gated_context_regressor_horizon,818.0394897460938,12.270780563354492,0.3210645616054535,0.07153423875570297
eval,oracle_context_scalar,756.590576171875,11.626646041870117,0.29459357261657715,8.310392379760742
eval,oracle_context_horizon,748.961181640625,11.331526756286621,0.2912819981575012,9.341089248657227
