{
  "adapted_nmse": 0.1655966318453463,
  "vanilla_nmse": 0.17414738667277863,
  "context_nmse": 0.162176834660978,
  "residual_branch_nmse": 0.18447794213462562,
  "memory_branch_nmse": 0.2895622288457121,
  "adapted_mse": 1954046.3548455804,
  "adapted_mae": 161.73384813465123
}