{
  "adapted_nmse": 183054278483321.22,
  "vanilla_nmse": 183054278483321.22,
  "context_nmse": 183054278483321.22,
  "residual_branch_nmse": 183054278483321.25,
  "memory_branch_nmse": 183054278483322.25,
  "adapted_mse": 2013162.957424715,
  "adapted_mae": 168.20607507058014
}