{
  "adapted_nmse": 323648514101231.7,
  "vanilla_nmse": 323648514101231.44,
  "context_nmse": 323648514101231.44,
  "residual_branch_nmse": 323648514101231.44,
  "memory_branch_nmse": 323648514101232.56,
  "adapted_mse": 17364319.218632247,
  "adapted_mae": 358.30600589145314
}