{
  "adapted_nmse": 0.2894815720906817,
  "vanilla_nmse": 0.2296740681218644,
  "context_nmse": 0.24745948335342025,
  "residual_branch_nmse": 0.6344666794846995,
  "memory_branch_nmse": 346.5507098018171,
  "adapted_mse": 5923129.271869772,
  "adapted_mae": 251.3325180391645
}