{
  "adapted_nmse": 0.23760939144968496,
  "vanilla_nmse": 0.2296740681218644,
  "context_nmse": 0.24745948335342025,
  "residual_branch_nmse": 1.5562865598078788,
  "memory_branch_nmse": 1.9606691862774026,
  "adapted_mse": 4970697.406863576,
  "adapted_mae": 211.12921366629718
}