{
  "eval": {
    "mse": {
      "mean": 4752262.01120415,
      "std": 108549218.79216485,
      "w10_user_mean": 46094340.49599397
    },
    "mae": {
      "mean": 203.00857727971092,
      "std": 1516.7315566145357,
      "w10_user_mean": 1469.8655357525977
    },
    "nmse": {
      "mean": 323648514101231.44,
      "std": 3.4303689070978572e+16,
      "w10_user_mean": 3148217364439250.5
    }
  }
}