{
  "eval": {
    "mse": {
      "mean": 4873449.346488104,
      "std": 109924993.62491663,
      "w10_user_mean": 47530060.13185512
    },
    "mae": {
      "mean": 207.18210617483498,
      "std": 1535.7447753372132,
      "w10_user_mean": 1507.9060739449092
    },
    "nmse": {
      "mean": 0.22967406895333067,
      "std": 1.0544436859219715,
      "w10_user_mean": 0.9762628359520541
    }
  }
}