split,baseline,mse,mae,nmse,relative_nmse_improvement_pct
eval,gated_context_classifier_scalar,1955250.625,158.1265106201172,0.16054999828338623,7.807974815368652
eval,gated_context_classifier_horizon,1944983.625,157.69683837890625,0.1619630604982376,6.996557712554932
eval,gated_context_regressor_scalar,1932423.875,159.0405731201172,0.16387096047401428,5.900991439819336
eval,gated_context_regressor_horizon,1942861.5,159.27285766601562,0.16746003925800323,3.84004807472229
eval,oracle_context_scalar,1716971.0,148.7518310546875,0.14033566415309906,19.41557502746582
eval,oracle_context_horizon,1628081.0,137.1714630126953,0.12570364773273468,27.817665100097656
