split,baseline,mse,mae,nmse,relative_nmse_improvement_pct
eval,gated_context_classifier_scalar,1915656.25,155.10450744628906,183054274396160.0,0.0
eval,gated_context_classifier_horizon,1871817.375,154.60757446289062,183054274396160.0,0.0
eval,gated_context_regressor_scalar,1909932.875,156.13316345214844,183054274396160.0,0.0
eval,gated_context_regressor_horizon,1870886.5,155.7836456298828,183054274396160.0,0.0
eval,oracle_context_scalar,1672968.25,145.76751708984375,183054274396160.0,0.0
eval,oracle_context_horizon,1586819.625,134.3963623046875,183054274396160.0,0.0
