split,baseline,mse,mae,nmse,relative_nmse_improvement_pct
eval,gated_context_classifier_scalar,18.09650421142578,1.7461814880371094,0.26628199219703674,-1.730222225189209
eval,gated_context_classifier_horizon,17.940898895263672,1.720467448234558,0.2614057958126068,0.1326771229505539
eval,gated_context_regressor_scalar,17.891199111938477,1.7550582885742188,0.26331499218940735,-0.5967111587524414
eval,gated_context_regressor_horizon,17.783130645751953,1.7675268650054932,0.2621188163757324,-0.13972485065460205
eval,oracle_context_scalar,14.908201217651367,1.5757817029953003,0.21784573793411255,16.774337768554688
eval,oracle_context_horizon,14.0824613571167,1.4802346229553223,0.20575860142707825,21.392101287841797
