split,baseline,mse,mae,nmse,relative_nmse_improvement_pct
eval,gated_context_classifier_scalar,662.7816162109375,11.197247505187988,0.23790667951107025,1.7591325044631958
eval,gated_context_classifier_horizon,645.6605224609375,11.053154945373535,0.23105883598327637,4.58687162399292
eval,gated_context_regressor_scalar,671.7152099609375,11.317708015441895,0.2405368536710739,0.6730318665504456
eval,gated_context_regressor_horizon,649.99072265625,11.098706245422363,0.2327982634305954,3.8685951232910156
eval,oracle_context_scalar,590.7711791992188,10.587814331054688,0.2114650309085846,12.677911758422852
eval,oracle_context_horizon,534.5714111328125,9.60640811920166,0.18947729468345642,21.757497787475586
