{
  "adapted_nmse": 0.49799404112158835,
  "vanilla_nmse": 0.3212943850843375,
  "context_nmse": 0.3365011327658926,
  "residual_branch_nmse": 1.1024224925482962,
  "memory_branch_nmse": 1.2274558374146811,
  "adapted_mse": 1252.9405121186599,
  "adapted_mae": 20.709161300416433
}