{
  "adapted_nmse": 1.7092410645395972,
  "vanilla_nmse": 1.6737022985002792,
  "context_nmse": 1.423408175290321,
  "residual_branch_nmse": 1.7206055214931548,
  "memory_branch_nmse": 3.877508528696435,
  "adapted_mse": 11.015159935751925,
  "adapted_mae": 1.3231786104153973
}