{
  "adapted_nmse": 0.3214732174924222,
  "vanilla_nmse": 0.3212943850843375,
  "context_nmse": 0.3365011327658926,
  "residual_branch_nmse": 0.3755543648293017,
  "memory_branch_nmse": 0.6327002823587082,
  "adapted_mse": 816.2431159928879,
  "adapted_mae": 12.195228835114285
}