{
  "eval": {
    "mse": {
      "mean": 1867353.6795928357,
      "std": 42807592.462097995,
      "w10_user_mean": 18174951.186553955
    },
    "mae": {
      "mean": 160.44291020187373,
      "std": 1034.254944865654,
      "w10_user_mean": 1130.7896034628152
    },
    "nmse": {
      "mean": 0.17414738773014446,
      "std": 0.8309614695630188,
      "w10_user_mean": 0.7709456381041122
    }
  }
}