{
  "eval": {
    "mse": {
      "mean": 1821035.318204222,
      "std": 42271793.41437199,
      "w10_user_mean": 17626595.21587617
    },
    "mae": {
      "mean": 157.38004108652984,
      "std": 1021.5103045448654,
      "w10_user_mean": 1102.7321326486992
    },
    "nmse": {
      "mean": 183054278483321.25,
      "std": 2.0741754203427336e+16,
      "w10_user_mean": 1780618890701396.2
    }
  }
}